"start_lon","start_lat","end_lon","end_lat"
8.680916,49.410973,8.687782,49.424597
8.640916,49.410973,8.641782,49.424597
8.682985,49.400760,8.682788,49.431139
8.688469,49.420354,8.55217,49.140393
8.644867,49.47794,8.536377,48.935131
8.683341,49.40187,8.6901,49.407971
8.70924,49.406059,8.796358,49.360576
8.541183,49.247862,8.650017,49.199317
8.648987,49.449379,8.864229,48.830437
9.992715,53.466545,15.431264,47.030117
12.185898,49.000393,14.294930,48.324230